<?xml version="1.0"?>
<!--
	This file contains TDF definitions for e.g. the PROBER2XML converter
      	This file has to be a valid XML file.
      	Do not modify this file ! Request EDAM for changes.
      	
        WAFERFAB Abbr.name defined by PD-MISD, doc SNW-SZ-602, in combination with the
	'springboard' definitions.	
	
	
	WaferOCRid definition:	SUPPLIERCODE+ID_CHARS+SEPARATOR+WAFERNR_CHARS+ID2_CHARS+CHECKSUM_CHARS
			
				SUPPLIERCODE	= 0 or 1 char
				ID_CHARS	= 0..n digits and/or chars (ID_CHARS is excluding suppliercode)
				SEPARATOR	= 0 or 1 char
				WAFERNR_CHARS	= 2 digits
				ID2_CHARS	= 0..n digits and/or chars
				CHECKSUM_CHARS	= 0..n digits and/or chars (first char is CHECKSUM_SEP)
	
-->
<!--
$Header: /appl/cvs/home/cvsp07/cvsroot2/TdfTools/tdf_definitions.xml,v 1.51 2014/02/04 12:35:16 gemert1 Exp $
-->

<TDF_DEFINITIONS version="$Revision: 1.51 $">
   <WAFERID_SPECIFICATION>
      <WAFERID_SPEC SUPPLIERCODE='V' ID_CHARS='4'  SEPARATOR='-' WAFERNR_CHARS='2' ID2_CHARS=''  CHECKSUM_CHARS='3' CHECKSUM_SEP='-' WAFERSIZE='150' FLAT_TYPE='F' WAFERFAB='ICH'   > </WAFERID_SPEC>
      <WAFERID_SPEC SUPPLIERCODE='C' ID_CHARS='6'  SEPARATOR='-' WAFERNR_CHARS='2' ID2_CHARS=''  CHECKSUM_CHARS='3' CHECKSUM_SEP='.' WAFERSIZE='150' FLAT_TYPE='F' WAFERFAB='ABQ6'  > </WAFERID_SPEC>
      <WAFERID_SPEC SUPPLIERCODE='N' ID_CHARS='5'  SEPARATOR='-' WAFERNR_CHARS='2' ID2_CHARS=''  CHECKSUM_CHARS='3' CHECKSUM_SEP='-' WAFERSIZE='125' FLAT_TYPE='F' WAFERFAB='ICN5'  > </WAFERID_SPEC>
      <WAFERID_SPEC SUPPLIERCODE='N' ID_CHARS='6'  SEPARATOR='-' WAFERNR_CHARS='2' ID2_CHARS=''  CHECKSUM_CHARS='3' CHECKSUM_SEP='-' WAFERSIZE='125' FLAT_TYPE='F' WAFERFAB='ICN5'  > </WAFERID_SPEC>
      <WAFERID_SPEC SUPPLIERCODE='M' ID_CHARS='6'  SEPARATOR='-' WAFERNR_CHARS='2' ID2_CHARS=''  CHECKSUM_CHARS='2' CHECKSUM_SEP=''  WAFERSIZE='150' FLAT_TYPE='F' WAFERFAB='ICCN'  > </WAFERID_SPEC>
      <WAFERID_SPEC SUPPLIERCODE='Y' ID_CHARS='5'  SEPARATOR='-' WAFERNR_CHARS='2' ID2_CHARS=''  CHECKSUM_CHARS='2' CHECKSUM_SEP=''  WAFERSIZE='200' FLAT_TYPE='N' WAFERFAB='SAN8'  > </WAFERID_SPEC>
      <WAFERID_SPEC SUPPLIERCODE='K' ID_CHARS='5'  SEPARATOR='-' WAFERNR_CHARS='2' ID2_CHARS=''  CHECKSUM_CHARS='3' CHECKSUM_SEP='.' WAFERSIZE='150' FLAT_TYPE='F' WAFERFAB='MOS3'  > </WAFERID_SPEC>
      <WAFERID_SPEC SUPPLIERCODE='J' ID_CHARS='5'  SEPARATOR='-' WAFERNR_CHARS='2' ID2_CHARS=''  CHECKSUM_CHARS='2' CHECKSUM_SEP=''  WAFERSIZE='200' FLAT_TYPE='F' WAFERFAB='JAZZ'  > </WAFERID_SPEC>
      <WAFERID_SPEC SUPPLIERCODE='K' ID_CHARS='5'  SEPARATOR='-' WAFERNR_CHARS='2' ID2_CHARS=''  CHECKSUM_CHARS='2' CHECKSUM_SEP=''  WAFERSIZE='200' FLAT_TYPE='N' WAFERFAB='JAZZ'  > </WAFERID_SPEC>
      <WAFERID_SPEC SUPPLIERCODE='C' ID_CHARS='5'  SEPARATOR='W' WAFERNR_CHARS='2' ID2_CHARS=''  CHECKSUM_CHARS='2' CHECKSUM_SEP=''  WAFERSIZE='200' FLAT_TYPE='N' WAFERFAB='ICN8'  > </WAFERID_SPEC>
      <WAFERID_SPEC SUPPLIERCODE=''  ID_CHARS='5'  SEPARATOR='-' WAFERNR_CHARS='2' ID2_CHARS=''  CHECKSUM_CHARS='0' CHECKSUM_SEP=''  WAFERSIZE='100' FLAT_TYPE='F' WAFERFAB='ICN4'  > </WAFERID_SPEC>
      <WAFERID_SPEC SUPPLIERCODE=''  ID_CHARS='5'  SEPARATOR='-' WAFERNR_CHARS='2' ID2_CHARS=''  CHECKSUM_CHARS='3' CHECKSUM_SEP='-' WAFERSIZE='100' FLAT_TYPE='F' WAFERFAB='ICN4'  > </WAFERID_SPEC>             
      <WAFERID_SPEC SUPPLIERCODE='C' ID_CHARS='5'  SEPARATOR='W' WAFERNR_CHARS='2' ID2_CHARS=''  CHECKSUM_CHARS='3' CHECKSUM_SEP='-' WAFERSIZE='100' FLAT_TYPE='F' WAFERFAB='ICN4'  > </WAFERID_SPEC>             
      <WAFERID_SPEC SUPPLIERCODE='G' ID_CHARS='5'  SEPARATOR='W' WAFERNR_CHARS='2' ID2_CHARS=''  CHECKSUM_CHARS='2' CHECKSUM_SEP=''  WAFERSIZE='125' FLAT_TYPE='F' WAFERFAB='ASMC'  > </WAFERID_SPEC>
      <WAFERID_SPEC SUPPLIERCODE='G' ID_CHARS='5'  SEPARATOR='W' WAFERNR_CHARS='2' ID2_CHARS=''  CHECKSUM_CHARS='0' CHECKSUM_SEP=''  WAFERSIZE='125' FLAT_TYPE='F' WAFERFAB='ASMC'  > </WAFERID_SPEC>
      <WAFERID_SPEC SUPPLIERCODE='G' ID_CHARS='5'  SEPARATOR='-' WAFERNR_CHARS='2' ID2_CHARS=''  CHECKSUM_CHARS='2' CHECKSUM_SEP=''  WAFERSIZE='150' FLAT_TYPE='F' WAFERFAB='ASMC'  > </WAFERID_SPEC>
      <WAFERID_SPEC SUPPLIERCODE='T' ID_CHARS='4'  SEPARATOR='W' WAFERNR_CHARS='2' ID2_CHARS=''  CHECKSUM_CHARS='2' CHECKSUM_SEP=''  WAFERSIZE='125' FLAT_TYPE='F' WAFERFAB='ASMC'  > </WAFERID_SPEC>  
      <WAFERID_SPEC SUPPLIERCODE=''  ID_CHARS='5'  SEPARATOR='-' WAFERNR_CHARS='2' ID2_CHARS=''  CHECKSUM_CHARS='2' CHECKSUM_SEP=''  WAFERSIZE='150' FLAT_TYPE='F' WAFERFAB='ASMC'  > </WAFERID_SPEC>
      <WAFERID_SPEC SUPPLIERCODE='6' ID_CHARS='5'  SEPARATOR='-' WAFERNR_CHARS='2' ID2_CHARS=''  CHECKSUM_CHARS='2' CHECKSUM_SEP=''  WAFERSIZE='150' FLAT_TYPE='F' WAFERFAB='ASMC'  > </WAFERID_SPEC>
      <WAFERID_SPEC SUPPLIERCODE='A' ID_CHARS='7'  SEPARATOR='-' WAFERNR_CHARS='2' ID2_CHARS=''  CHECKSUM_CHARS='2' CHECKSUM_SEP=''  WAFERSIZE='200' FLAT_TYPE='N' WAFERFAB='ASMC'  > </WAFERID_SPEC>
      <WAFERID_SPEC SUPPLIERCODE='P' ID_CHARS='7'  SEPARATOR='-' WAFERNR_CHARS='2' ID2_CHARS=''  CHECKSUM_CHARS='2' CHECKSUM_SEP=''  WAFERSIZE='200' FLAT_TYPE='N' WAFERFAB='ASMC'  > </WAFERID_SPEC>  
      <WAFERID_SPEC SUPPLIERCODE='E' ID_CHARS='5'  SEPARATOR='-' WAFERNR_CHARS='2' ID2_CHARS=''  CHECKSUM_CHARS='2' CHECKSUM_SEP=''  WAFERSIZE='200' FLAT_TYPE='N' WAFERFAB='ASMC'  > </WAFERID_SPEC>  
      <WAFERID_SPEC SUPPLIERCODE='5' ID_CHARS='5'  SEPARATOR='W' WAFERNR_CHARS='2' ID2_CHARS=''  CHECKSUM_CHARS='2' CHECKSUM_SEP=''  WAFERSIZE='200' FLAT_TYPE='N' WAFERFAB='ASMC'  > </WAFERID_SPEC>  
      <WAFERID_SPEC SUPPLIERCODE='S' ID_CHARS='5'  SEPARATOR='-' WAFERNR_CHARS='2' ID2_CHARS=''  CHECKSUM_CHARS='2' CHECKSUM_SEP=''  WAFERSIZE='200' FLAT_TYPE='N' WAFERFAB='SSMC'  > </WAFERID_SPEC>
      <WAFERID_SPEC SUPPLIERCODE='F' ID_CHARS='6'  SEPARATOR='W' WAFERNR_CHARS='2' ID2_CHARS=''  CHECKSUM_CHARS='2' CHECKSUM_SEP=''  WAFERSIZE='200' FLAT_TYPE='N' WAFERFAB='ICB'   > </WAFERID_SPEC> 
      <WAFERID_SPEC SUPPLIERCODE='F' ID_CHARS='6'  SEPARATOR='.' WAFERNR_CHARS='2' ID2_CHARS=''  CHECKSUM_CHARS='0' CHECKSUM_SEP=''  WAFERSIZE='150' FLAT_TYPE='N' WAFERFAB='DHZG'  > </WAFERID_SPEC>
      <WAFERID_SPEC SUPPLIERCODE='P' ID_CHARS='4'  SEPARATOR=''  WAFERNR_CHARS='2' ID2_CHARS='7' CHECKSUM_CHARS='2' CHECKSUM_SEP=''  WAFERSIZE='200' FLAT_TYPE='N' WAFERFAB='ICF'   > </WAFERID_SPEC>
      <WAFERID_SPEC SUPPLIERCODE=''  ID_CHARS='6'  SEPARATOR='-' WAFERNR_CHARS='2' ID2_CHARS=''  CHECKSUM_CHARS='3' CHECKSUM_SEP='.' WAFERSIZE='150' FLAT_TYPE='F' WAFERFAB='ICN6'  > </WAFERID_SPEC>
      <WAFERID_SPEC SUPPLIERCODE='L' ID_CHARS='6'  SEPARATOR='-' WAFERNR_CHARS='2' ID2_CHARS=''  CHECKSUM_CHARS='3' CHECKSUM_SEP='.' WAFERSIZE='150' FLAT_TYPE='F' WAFERFAB='ICN6'  > </WAFERID_SPEC>
      <WAFERID_SPEC SUPPLIERCODE='L' ID_CHARS='7'  SEPARATOR='-' WAFERNR_CHARS='2' ID2_CHARS=''  CHECKSUM_CHARS='3' CHECKSUM_SEP='.' WAFERSIZE='150' FLAT_TYPE='F' WAFERFAB='ICN6'  > </WAFERID_SPEC>
      <WAFERID_SPEC SUPPLIERCODE='L' ID_CHARS='8'  SEPARATOR='-' WAFERNR_CHARS='2' ID2_CHARS=''  CHECKSUM_CHARS='3' CHECKSUM_SEP='.' WAFERSIZE='150' FLAT_TYPE='F' WAFERFAB='ICN6'  > </WAFERID_SPEC>
      <WAFERID_SPEC SUPPLIERCODE='A' ID_CHARS='5'  SEPARATOR='-' WAFERNR_CHARS='2' ID2_CHARS=''  CHECKSUM_CHARS='2' CHECKSUM_SEP=''  WAFERSIZE='150' FLAT_TYPE='F' WAFERFAB='TSMC'  > </WAFERID_SPEC>
      <WAFERID_SPEC SUPPLIERCODE='C' ID_CHARS='5'  SEPARATOR='-' WAFERNR_CHARS='2' ID2_CHARS=''  CHECKSUM_CHARS='2' CHECKSUM_SEP=''  WAFERSIZE='200' FLAT_TYPE='N' WAFERFAB='TSMC'  > </WAFERID_SPEC>
      <WAFERID_SPEC SUPPLIERCODE='D' ID_CHARS='5'  SEPARATOR='-' WAFERNR_CHARS='2' ID2_CHARS=''  CHECKSUM_CHARS='2' CHECKSUM_SEP=''  WAFERSIZE='200' FLAT_TYPE='N' WAFERFAB='TSMC'  > </WAFERID_SPEC>
      <WAFERID_SPEC SUPPLIERCODE='G' ID_CHARS='5'  SEPARATOR='-' WAFERNR_CHARS='2' ID2_CHARS=''  CHECKSUM_CHARS='2' CHECKSUM_SEP=''  WAFERSIZE='200' FLAT_TYPE='N' WAFERFAB='TSMC'  > </WAFERID_SPEC>
      <WAFERID_SPEC SUPPLIERCODE='R' ID_CHARS='5'  SEPARATOR='-' WAFERNR_CHARS='2' ID2_CHARS=''  CHECKSUM_CHARS='2' CHECKSUM_SEP=''  WAFERSIZE='200' FLAT_TYPE='N' WAFERFAB='TSMC'  > </WAFERID_SPEC>
      <WAFERID_SPEC SUPPLIERCODE='V' ID_CHARS='5'  SEPARATOR='-' WAFERNR_CHARS='2' ID2_CHARS=''  CHECKSUM_CHARS='2' CHECKSUM_SEP=''  WAFERSIZE='200' FLAT_TYPE='N' WAFERFAB='TSMC'  > </WAFERID_SPEC>
      <WAFERID_SPEC SUPPLIERCODE='N' ID_CHARS='5'  SEPARATOR='-' WAFERNR_CHARS='2' ID2_CHARS=''  CHECKSUM_CHARS='2' CHECKSUM_SEP=''  WAFERSIZE='300' FLAT_TYPE='N' WAFERFAB='TSMC'  > </WAFERID_SPEC>
      <WAFERID_SPEC SUPPLIERCODE='P' ID_CHARS='5'  SEPARATOR='-' WAFERNR_CHARS='2' ID2_CHARS=''  CHECKSUM_CHARS='2' CHECKSUM_SEP=''  WAFERSIZE='300' FLAT_TYPE='N' WAFERFAB='TSMC'  > </WAFERID_SPEC>
      <WAFERID_SPEC SUPPLIERCODE='T' ID_CHARS='10' SEPARATOR='-' WAFERNR_CHARS='2' ID2_CHARS=''  CHECKSUM_CHARS='0' CHECKSUM_SEP=''  WAFERSIZE='200' FLAT_TYPE='N' WAFERFAB='CSM2'  > </WAFERID_SPEC>
      <WAFERID_SPEC SUPPLIERCODE='S' ID_CHARS='10' SEPARATOR='-' WAFERNR_CHARS='2' ID2_CHARS=''  CHECKSUM_CHARS='0' CHECKSUM_SEP=''  WAFERSIZE='200' FLAT_TYPE='N' WAFERFAB='CSM2'  > </WAFERID_SPEC>
      <WAFERID_SPEC SUPPLIERCODE=''  ID_CHARS='11' SEPARATOR=' ' WAFERNR_CHARS='2' ID2_CHARS=''  CHECKSUM_CHARS='0' CHECKSUM_SEP=''  WAFERSIZE='200' FLAT_TYPE='N' WAFERFAB='CSM2'  > </WAFERID_SPEC>
      <WAFERID_SPEC SUPPLIERCODE='2' ID_CHARS='8'  SEPARATOR='W' WAFERNR_CHARS='2' ID2_CHARS=''  CHECKSUM_CHARS='2' CHECKSUM_SEP=''  WAFERSIZE='200' FLAT_TYPE='N' WAFERFAB='CSM2'  > </WAFERID_SPEC>
      <WAFERID_SPEC SUPPLIERCODE='T' ID_CHARS='7'  SEPARATOR='W' WAFERNR_CHARS='2' ID2_CHARS=''  CHECKSUM_CHARS='2' CHECKSUM_SEP=''  WAFERSIZE='200' FLAT_TYPE='N' WAFERFAB='CSM2'  > </WAFERID_SPEC>
      <WAFERID_SPEC SUPPLIERCODE='D' ID_CHARS='4'  SEPARATOR=''  WAFERNR_CHARS='2' ID2_CHARS=''  CHECKSUM_CHARS='3' CHECKSUM_SEP='-' WAFERSIZE='200' FLAT_TYPE='N' WAFERFAB='UMC8'  > </WAFERID_SPEC>
      <WAFERID_SPEC SUPPLIERCODE='H' ID_CHARS='4'  SEPARATOR=''  WAFERNR_CHARS='2' ID2_CHARS=''  CHECKSUM_CHARS='3' CHECKSUM_SEP='-' WAFERSIZE='200' FLAT_TYPE='N' WAFERFAB='UMC8'  > </WAFERID_SPEC>
      <WAFERID_SPEC SUPPLIERCODE='A' ID_CHARS='4'  SEPARATOR=''  WAFERNR_CHARS='2' ID2_CHARS=''  CHECKSUM_CHARS='3' CHECKSUM_SEP='-' WAFERSIZE='200' FLAT_TYPE='N' WAFERFAB='UMC8'  > </WAFERID_SPEC>
      <WAFERID_SPEC SUPPLIERCODE='M' ID_CHARS='4'  SEPARATOR=''  WAFERNR_CHARS='2' ID2_CHARS=''  CHECKSUM_CHARS='3' CHECKSUM_SEP='-' WAFERSIZE='200' FLAT_TYPE='N' WAFERFAB='UMC8'  > </WAFERID_SPEC>
      <WAFERID_SPEC SUPPLIERCODE='Q' ID_CHARS='4'  SEPARATOR=''  WAFERNR_CHARS='2' ID2_CHARS=''  CHECKSUM_CHARS='3' CHECKSUM_SEP='-' WAFERSIZE='200' FLAT_TYPE='N' WAFERFAB='UMC8'  > </WAFERID_SPEC>
      <WAFERID_SPEC SUPPLIERCODE='P' ID_CHARS='4'  SEPARATOR=''  WAFERNR_CHARS='2' ID2_CHARS=''  CHECKSUM_CHARS='3' CHECKSUM_SEP='-' WAFERSIZE='200' FLAT_TYPE='N' WAFERFAB='UMC8'  > </WAFERID_SPEC>
      <WAFERID_SPEC SUPPLIERCODE='R' ID_CHARS='4'  SEPARATOR=''  WAFERNR_CHARS='2' ID2_CHARS=''  CHECKSUM_CHARS='3' CHECKSUM_SEP='-' WAFERSIZE='200' FLAT_TYPE='N' WAFERFAB='UMC8'  > </WAFERID_SPEC>
      <WAFERID_SPEC SUPPLIERCODE='Q' ID_CHARS='6'  SEPARATOR='-' WAFERNR_CHARS='2' ID2_CHARS=''  CHECKSUM_CHARS='2' CHECKSUM_SEP=''  WAFERSIZE='300' FLAT_TYPE='N' WAFERFAB='ICCR'  > </WAFERID_SPEC>
      <WAFERID_SPEC SUPPLIERCODE='J' ID_CHARS='6'  SEPARATOR='-' WAFERNR_CHARS='2' ID2_CHARS=''  CHECKSUM_CHARS='2' CHECKSUM_SEP=''  WAFERSIZE='200' FLAT_TYPE='N' WAFERFAB='SGST'  > </WAFERID_SPEC>
      <WAFERID_SPEC SUPPLIERCODE='A' ID_CHARS='8'  SEPARATOR='-' WAFERNR_CHARS='2' ID2_CHARS=''  CHECKSUM_CHARS='3' CHECKSUM_SEP=''  WAFERSIZE='200' FLAT_TYPE='N' WAFERFAB='DASS'  > </WAFERID_SPEC>
      <WAFERID_SPEC SUPPLIERCODE='D' ID_CHARS='6'  SEPARATOR='-' WAFERNR_CHARS='2' ID2_CHARS=''  CHECKSUM_CHARS='3' CHECKSUM_SEP='-' WAFERSIZE='150' FLAT_TYPE='N' WAFERFAB='ITZ'   > </WAFERID_SPEC>
      <WAFERID_SPEC SUPPLIERCODE='N' ID_CHARS='6'  SEPARATOR='-' WAFERNR_CHARS='2' ID2_CHARS=''  CHECKSUM_CHARS='2' CHECKSUM_SEP=''  WAFERSIZE='150' FLAT_TYPE='F' WAFERFAB='TOWER' > </WAFERID_SPEC> 
      <WAFERID_SPEC SUPPLIERCODE='A' ID_CHARS='5'  SEPARATOR='-' WAFERNR_CHARS='2' ID2_CHARS=''  CHECKSUM_CHARS='3' CHECKSUM_SEP='-' WAFERSIZE='200' FLAT_TYPE='N' WAFERFAB='SMIC'  > </WAFERID_SPEC>
      <WAFERID_SPEC SUPPLIERCODE='F' ID_CHARS='5'  SEPARATOR='-' WAFERNR_CHARS='2' ID2_CHARS=''  CHECKSUM_CHARS='2' CHECKSUM_SEP=''  WAFERSIZE='200' FLAT_TYPE='N' WAFERFAB='TSMC'  > </WAFERID_SPEC> 
      <WAFERID_SPEC SUPPLIERCODE='H' ID_CHARS='5'  SEPARATOR='-' WAFERNR_CHARS='2' ID2_CHARS=''  CHECKSUM_CHARS='2' CHECKSUM_SEP=''  WAFERSIZE='200' FLAT_TYPE='N' WAFERFAB='TSMC'  > </WAFERID_SPEC> 
      <WAFERID_SPEC SUPPLIERCODE='A' ID_CHARS='6'  SEPARATOR='.' WAFERNR_CHARS='2' ID2_CHARS=''  CHECKSUM_CHARS='2' CHECKSUM_SEP=''  WAFERSIZE='200' FLAT_TYPE='N' WAFERFAB='GRSC'  > </WAFERID_SPEC>
      <WAFERID_SPEC SUPPLIERCODE='C' ID_CHARS='5'  SEPARATOR='-' WAFERNR_CHARS='2' ID2_CHARS=''  CHECKSUM_CHARS='3' CHECKSUM_SEP='-' WAFERSIZE='150' FLAT_TYPE='F' WAFERFAB='ZMD'   > </WAFERID_SPEC>
      <WAFERID_SPEC SUPPLIERCODE='H' ID_CHARS='5'  SEPARATOR='-' WAFERNR_CHARS='2' ID2_CHARS=''  CHECKSUM_CHARS='3' CHECKSUM_SEP='-' WAFERSIZE='200' FLAT_TYPE='N' WAFERFAB='SMIC'  > </WAFERID_SPEC>   
      <WAFERID_SPEC SUPPLIERCODE='D' ID_CHARS='5'  SEPARATOR='-' WAFERNR_CHARS='2' ID2_CHARS=''  CHECKSUM_CHARS='3' CHECKSUM_SEP='-' WAFERSIZE='200' FLAT_TYPE='N' WAFERFAB='SMIC'  > </WAFERID_SPEC>
      <WAFERID_SPEC SUPPLIERCODE='S' ID_CHARS='4'  SEPARATOR=''  WAFERNR_CHARS='2' ID2_CHARS=''  CHECKSUM_CHARS='3' CHECKSUM_SEP='-' WAFERSIZE='300' FLAT_TYPE='N' WAFERFAB='UMEC9' > </WAFERID_SPEC>
      <WAFERID_SPEC SUPPLIERCODE='7' ID_CHARS='8'  SEPARATOR='.' WAFERNR_CHARS='2' ID2_CHARS=''  CHECKSUM_CHARS='2' CHECKSUM_SEP=''  WAFERSIZE='300' FLAT_TYPE='N' WAFERFAB='GF-7'  > </WAFERID_SPEC>
      <WAFERID_SPEC SUPPLIERCODE='T' ID_CHARS='7'  SEPARATOR='W' WAFERNR_CHARS='2' ID2_CHARS=''  CHECKSUM_CHARS='2' CHECKSUM_SEP=''  WAFERSIZE='300' FLAT_TYPE='N' WAFERFAB='GF-7'  > </WAFERID_SPEC>
      <WAFERID_SPEC SUPPLIERCODE='T' ID_CHARS='7'  SEPARATOR='.' WAFERNR_CHARS='2' ID2_CHARS=''  CHECKSUM_CHARS='2' CHECKSUM_SEP=''  WAFERSIZE='300' FLAT_TYPE='N' WAFERFAB='GF-7'  > </WAFERID_SPEC>
      <WAFERID_SPEC SUPPLIERCODE='2' ID_CHARS='8'  SEPARATOR='W' WAFERNR_CHARS='2' ID2_CHARS=''  CHECKSUM_CHARS='2' CHECKSUM_SEP=''  WAFERSIZE='200' FLAT_TYPE='N' WAFERFAB='GF-2'  > </WAFERID_SPEC>
      <WAFERID_SPEC SUPPLIERCODE='T' ID_CHARS='7'  SEPARATOR=''  WAFERNR_CHARS='2' ID2_CHARS=''  CHECKSUM_CHARS='2' CHECKSUM_SEP=''  WAFERSIZE='200' FLAT_TYPE='N' WAFERFAB='GF3E'  > </WAFERID_SPEC>
      <WAFERID_SPEC SUPPLIERCODE='3' ID_CHARS='8'  SEPARATOR='W' WAFERNR_CHARS='2' ID2_CHARS=''  CHECKSUM_CHARS='2' CHECKSUM_SEP=''  WAFERSIZE='200' FLAT_TYPE='N' WAFERFAB='GF3E'  > </WAFERID_SPEC>
      <WAFERID_SPEC SUPPLIERCODE='W' ID_CHARS='4'  SEPARATOR='W' WAFERNR_CHARS='2' ID2_CHARS=''  CHECKSUM_CHARS='3' CHECKSUM_SEP='-' WAFERSIZE='150' FLAT_TYPE='F' WAFERFAB='DHAM'  > </WAFERID_SPEC>
      <WAFERID_SPEC SUPPLIERCODE='W' ID_CHARS='8'  SEPARATOR='-' WAFERNR_CHARS='2' ID2_CHARS=''  CHECKSUM_CHARS='0' CHECKSUM_SEP=''  WAFERSIZE='150' FLAT_TYPE='N' WAFERFAB='WIN'   > </WAFERID_SPEC>
      <WAFERID_SPEC SUPPLIERCODE='B' ID_CHARS='8'  SEPARATOR='-' WAFERNR_CHARS='2' ID2_CHARS=''  CHECKSUM_CHARS='0' CHECKSUM_SEP=''  WAFERSIZE='150' FLAT_TYPE='N' WAFERFAB='WIN'   > </WAFERID_SPEC>
  </WAFERID_SPECIFICATION>
  <POST-INK_BINS>
      <POST-INK_BIN>"51"</POST-INK_BIN>
      <POST-INK_BIN>"52"</POST-INK_BIN>
      <POST-INK_BIN>"53"</POST-INK_BIN>
      <POST-INK_BIN>"54"</POST-INK_BIN>
      <POST-INK_BIN>"55"</POST-INK_BIN>
      <POST-INK_BIN>"56"</POST-INK_BIN>
      <POST-INK_BIN>"57"</POST-INK_BIN>
      <POST-INK_BIN>"58"</POST-INK_BIN>
      <POST-INK_BIN>"59"</POST-INK_BIN>
      <POST-INK_BIN>"64"</POST-INK_BIN>
      <POST-INK_BIN>"65"</POST-INK_BIN>
      <POST-INK_BIN>"66"</POST-INK_BIN>
      <POST-INK_BIN>"67"</POST-INK_BIN>
      <POST-INK_BIN>"68"</POST-INK_BIN>        
  </POST-INK_BINS>
</TDF_DEFINITIONS>
