!01!02!03!04!05!06!07!08!09!10!11!12!13!14!15!16!17!18!19!20!21!22!23!24!25!
<?xml version = "1.0"?>
<ED_EXTERNAL_DATA>
	<ED_PHILIPS_INFO_FILE>
		<ED_TYPE_PIF>
			<ED_PRODUCT_GROUP_NAME>"Philips"</ED_PRODUCT_GROUP_NAME>
			<ED_DIFFUSION_CENTER>"SSMC"</ED_DIFFUSION_CENTER>
			<ED_TEST_CENTER>"SSMC"</ED_TEST_CENTER>
			<ED_PROGRAM_NAME>"PH1110_5_10A1"</ED_PROGRAM_NAME>
			<ED_PROGRAM_VERSION>"01.02"</ED_PROGRAM_VERSION>
			<ED_SLDI_12NC>"340000088758"</ED_SLDI_12NC>
			<ED_PRODUCT_NAME>"PH1110"</ED_PRODUCT_NAME>
			<ED_PACKAGE>"000"</ED_PACKAGE>
			<ED_TEST_MODE>"p"</ED_TEST_MODE>
			<ED_TEMPERATURE>"30"</ED_TEMPERATURE>
			<ED_TDI_RANGE>"-"</ED_TDI_RANGE>
			<ED_TDI_ID>"-"</ED_TDI_ID>
			<ED_FPC_RANGE>"-"</ED_FPC_RANGE>
			<ED_MAPPING>"-"</ED_MAPPING>
			<ED_TESTER_TYPE>"AG93K"</ED_TESTER_TYPE>
			<ED_TESTERID>"hp9301_linux"</ED_TESTERID>
			<ED_TEST_STAGE>"wr2"</ED_TEST_STAGE>
			<ED_HANDLER_RANGE>"-"</ED_HANDLER_RANGE>
		</ED_TYPE_PIF>
		<ED_BATCH_PIF>
			<ED_DIFFUSION_LOTID>"S9B556.1"</ED_DIFFUSION_LOTID>
			<ED_LOTCLASS>"-"</ED_LOTCLASS>
			<ED_ROM_CODE>"000"</ED_ROM_CODE>
			<ED_ORDERNR>"-"</ED_ORDERNR>
			<ED_DTCODE>""</ED_DTCODE>
			<ED_CHECKSUM_LENGTH>"2"</ED_CHECKSUM_LENGTH>
		</ED_BATCH_PIF>
		<ED_DLOG_PIF>
			<ED_DATA_LOG>"-"</ED_DATA_LOG>
			<ED_SAMPLE_RATE>"0"</ED_SAMPLE_RATE>
			<ED_DLOG_LOGTYPE>"-"</ED_DLOG_LOGTYPE>
		</ED_DLOG_PIF>
	</ED_PHILIPS_INFO_FILE>
	<ED_BAD_UGLY_DIE_DEF>
		<ED_SKIP_DIE_BIN>""</ED_SKIP_DIE_BIN>
		<ED_BAD_DIE_BIN>"0"</ED_BAD_DIE_BIN>
		<ED_UGLY_DIE_BIN>"64"</ED_UGLY_DIE_BIN>
	</ED_BAD_UGLY_DIE_DEF>
	<ED_WAFERMAP_CONFIG>
		<ED_FLD_ROWS>"1"</ED_FLD_ROWS>
		<ED_FLD_COLS>"1"</ED_FLD_COLS>
		<ED_COL_OFFSET>"0"</ED_COL_OFFSET>
		<ED_ROW_OFFSET>"0"</ED_ROW_OFFSET>
		<ED_DIE_WD>"2.11"</ED_DIE_WD>
		<ED_DIE_HT>"2.11"</ED_DIE_HT>
		<ED_FLAT_TYPE>"N"</ED_FLAT_TYPE>
		<ED_FLAT_ORIENTATION>"D"</ED_FLAT_ORIENTATION>
		<ED_WMAP>"PH1110"</ED_WMAP>
		<ED_WF_SIZE>"200"</ED_WF_SIZE>
		<ED_WF_UNIT>"mm"</ED_WF_UNIT>
		<ED_CENTER_X>"0"</ED_CENTER_X>
		<ED_CENTER_Y>"0"</ED_CENTER_Y>
		<ED_POS_X>"R"</ED_POS_X>
		<ED_POS_Y>"U"</ED_POS_Y>
	</ED_WAFERMAP_CONFIG>
	<ED_OTHER>
		<ED_PGDW>"6474"</ED_PGDW>
		<ED_AUF>"0"</ED_AUF>
	</ED_OTHER>
	<ED_LIMITS>
		<ED_WT_YIELD>
			<ED_WT_TARGET>"0"</ED_WT_TARGET>
			<ED_WT_BUDGET>"0"</ED_WT_BUDGET>
			<ED_WT_SCRAP>"0"</ED_WT_SCRAP>
			<ED_WT_BAD>"0"</ED_WT_BAD>
		</ED_WT_YIELD>
		<ED_FT_YIELD>
			<ED_FT_TARGET>"0"</ED_FT_TARGET>
			<ED_FT_BUDGET>"0"</ED_FT_BUDGET>
			<ED_FT_SCRAP>"0"</ED_FT_SCRAP>
			<ED_FT_BAD>"0"</ED_FT_BAD>
		</ED_FT_YIELD>
		<ED_M_D0>
			<ED_M_BUDGET>"0"</ED_M_BUDGET>
			<ED_M_SCRAP>"0"</ED_M_SCRAP>
			<ED_D0_BUDGET>"0"</ED_D0_BUDGET>
			<ED_D0_SCRAP>"0"</ED_D0_SCRAP>
		</ED_M_D0>
		<ED_BINS>
			<ED_BINNR_TARGET>"0"</ED_BINNR_TARGET>
			<ED_BINNR_BAD>"0"</ED_BINNR_BAD>
		</ED_BINS>
	</ED_LIMITS>
</ED_EXTERNAL_DATA>
